USE graduate_employment;

INSERT INTO province_employment_index
  (province, job_count, avg_salary, fresh_friendly_index, employment_heat_index, top_industry, growth_rate, stat_month)
VALUES
  ('北京', 112360, 19580.00, 78.30, 86.40, '人工智能', 7.90, '2026-05'),
  ('天津', 29860, 11620.00, 80.90, 65.20, '智能制造', 5.10, '2026-05'),
  ('河北', 45620, 9280.00, 81.60, 66.80, '装备制造', 5.40, '2026-05'),
  ('山西', 28640, 9020.00, 82.10, 61.60, '能源数字化', 4.80, '2026-05'),
  ('内蒙古', 21480, 9340.00, 80.50, 58.90, '新能源', 4.20, '2026-05'),
  ('辽宁', 51240, 10460.00, 80.80, 69.40, '软件服务', 5.90, '2026-05'),
  ('吉林', 24680, 8860.00, 82.50, 58.40, '汽车电子', 4.60, '2026-05'),
  ('黑龙江', 23860, 8720.00, 83.10, 57.80, '现代农业', 4.40, '2026-05'),
  ('上海', 104880, 18240.00, 79.50, 86.90, '金融科技', 8.70, '2026-05'),
  ('江苏', 132870, 13260.00, 82.40, 88.30, '智能制造', 9.80, '2026-05'),
  ('浙江', 128560, 14520.00, 84.10, 87.60, '数字经济', 10.40, '2026-05'),
  ('安徽', 62340, 10840.00, 84.20, 73.60, '新能源汽车', 8.80, '2026-05'),
  ('福建', 41870, 12420.00, 82.80, 71.60, '数字贸易', 7.60, '2026-05'),
  ('江西', 36520, 9480.00, 83.90, 67.10, '电子信息', 6.50, '2026-05'),
  ('山东', 76840, 10520.00, 81.70, 76.80, '装备制造', 6.60, '2026-05'),
  ('河南', 52830, 9280.00, 82.00, 69.80, '现代服务', 5.80, '2026-05'),
  ('湖北', 72180, 11240.00, 83.10, 77.60, '光电子信息', 9.30, '2026-05'),
  ('湖南', 46820, 10350.00, 84.70, 70.50, '移动互联网', 7.40, '2026-05'),
  ('广东', 186420, 15480.00, 86.20, 94.80, '互联网/电子商务', 12.60, '2026-05'),
  ('广西', 27640, 9320.00, 84.50, 62.80, '数字贸易', 5.70, '2026-05'),
  ('海南', 15680, 10120.00, 83.60, 55.40, '旅游科技', 6.20, '2026-05'),
  ('重庆', 38520, 11080.00, 84.80, 70.90, '汽车电子', 8.10, '2026-05'),
  ('四川', 87520, 11860.00, 85.60, 80.70, '软件服务', 11.90, '2026-05'),
  ('贵州', 22460, 9160.00, 85.20, 59.60, '大数据', 6.80, '2026-05'),
  ('云南', 25620, 9060.00, 84.30, 60.40, '文旅数字化', 5.30, '2026-05'),
  ('西藏', 6820, 8860.00, 79.40, 42.60, '公共服务', 3.10, '2026-05'),
  ('陕西', 43620, 11350.00, 85.90, 72.40, '硬科技', 8.40, '2026-05'),
  ('甘肃', 18640, 8420.00, 81.80, 51.60, '新能源', 4.00, '2026-05'),
  ('青海', 8260, 8580.00, 80.60, 44.80, '清洁能源', 3.40, '2026-05'),
  ('宁夏', 10640, 8720.00, 81.20, 47.30, '数字政务', 3.80, '2026-05'),
  ('新疆', 21860, 9120.00, 82.60, 56.20, '能源化工', 4.70, '2026-05'),
  ('台湾', 32480, 13600.00, 78.80, 62.50, '半导体', 4.90, '2026-05'),
  ('香港', 28620, 21200.00, 74.50, 64.40, '金融服务', 3.50, '2026-05'),
  ('澳门', 6420, 16800.00, 76.90, 43.80, '文旅会展', 2.80, '2026-05');

INSERT INTO city_employment_index
  (province, city, job_count, avg_salary, industry_diversity, fresh_friendly_index, education_threshold_index, experience_threshold_index, city_attraction_index, rank_no, longitude, latitude, stat_month)
VALUES
  ('广东', '深圳', 82450, 18620.00, 92.40, 83.80, 78.60, 75.20, 96.20, 1, 114.057868, 22.543099, '2026-05'),
  ('北京', '北京', 112360, 19580.00, 94.10, 78.30, 74.50, 70.40, 95.80, 2, 116.407526, 39.904030, '2026-05'),
  ('上海', '上海', 104880, 18240.00, 93.60, 79.50, 76.30, 72.50, 94.70, 3, 121.473701, 31.230416, '2026-05'),
  ('浙江', '杭州', 64230, 16880.00, 90.20, 85.20, 81.10, 77.90, 93.60, 4, 120.155070, 30.274085, '2026-05'),
  ('广东', '广州', 72180, 15120.00, 88.70, 86.10, 83.00, 79.60, 91.40, 5, 113.264385, 23.129112, '2026-05'),
  ('江苏', '南京', 51260, 13950.00, 84.80, 83.70, 82.50, 78.40, 88.30, 6, 118.796877, 32.060255, '2026-05'),
  ('四川', '成都', 69340, 12680.00, 86.90, 87.20, 84.40, 82.10, 87.90, 7, 104.066541, 30.572269, '2026-05'),
  ('湖北', '武汉', 55870, 11980.00, 82.60, 84.60, 83.20, 80.80, 84.20, 8, 114.305393, 30.593099, '2026-05'),
  ('陕西', '西安', 43620, 11350.00, 80.30, 85.90, 84.10, 81.60, 81.50, 9, 108.939770, 34.341575, '2026-05'),
  ('山东', '青岛', 38960, 10840.00, 78.90, 82.30, 82.70, 80.30, 78.60, 10, 120.382639, 36.067082, '2026-05'),
  ('江苏', '苏州', 61280, 14860.00, 88.20, 81.40, 78.90, 74.60, 87.70, 11, 120.585315, 31.298886, '2026-05'),
  ('天津', '天津', 29860, 11620.00, 75.60, 80.90, 79.10, 76.40, 74.20, 12, 117.200983, 39.084158, '2026-05'),
  ('安徽', '合肥', 48250, 11260.00, 79.80, 85.10, 83.60, 80.20, 76.80, 13, 117.227239, 31.820586, '2026-05'),
  ('湖南', '长沙', 46820, 10350.00, 78.60, 84.70, 83.00, 80.00, 75.40, 14, 112.938814, 28.228209, '2026-05'),
  ('河南', '郑州', 52830, 9280.00, 77.80, 82.00, 81.40, 78.50, 73.80, 15, 113.625368, 34.746599, '2026-05'),
  ('福建', '厦门', 31840, 13520.00, 77.40, 82.10, 80.20, 76.20, 73.20, 16, 118.089425, 24.479833, '2026-05'),
  ('重庆', '重庆', 38520, 11080.00, 76.90, 84.80, 83.20, 79.70, 72.50, 17, 106.551643, 29.562849, '2026-05'),
  ('山东', '济南', 37880, 10460.00, 76.20, 82.40, 81.50, 78.90, 71.60, 18, 117.120128, 36.652069, '2026-05'),
  ('辽宁', '大连', 32450, 11280.00, 75.70, 80.60, 79.20, 76.10, 70.80, 19, 121.614682, 38.914003, '2026-05'),
  ('福建', '福州', 28620, 11880.00, 75.00, 83.00, 81.30, 77.80, 70.10, 20, 119.296494, 26.074508, '2026-05'),
  ('辽宁', '沈阳', 31260, 10140.00, 74.30, 81.20, 80.40, 77.30, 69.20, 21, 123.431475, 41.805698, '2026-05'),
  ('云南', '昆明', 25620, 9060.00, 72.80, 84.30, 82.10, 79.30, 66.90, 22, 102.832891, 24.880095, '2026-05'),
  ('江西', '南昌', 36520, 9480.00, 72.20, 83.90, 82.20, 79.10, 66.50, 23, 115.858197, 28.682892, '2026-05'),
  ('广西', '南宁', 27640, 9320.00, 70.80, 84.50, 82.60, 79.70, 64.80, 24, 108.366543, 22.817002, '2026-05'),
  ('贵州', '贵阳', 22460, 9160.00, 70.20, 85.20, 83.00, 80.20, 63.60, 25, 106.630153, 26.647661, '2026-05'),
  ('山西', '太原', 28640, 9020.00, 69.80, 82.10, 80.30, 77.40, 62.70, 26, 112.548879, 37.870590, '2026-05'),
  ('黑龙江', '哈尔滨', 23860, 8720.00, 68.40, 83.10, 81.20, 78.30, 61.40, 27, 126.534967, 45.803775, '2026-05'),
  ('吉林', '长春', 24680, 8860.00, 68.00, 82.50, 80.90, 77.90, 60.90, 28, 125.323544, 43.817072, '2026-05'),
  ('新疆', '乌鲁木齐', 21860, 9120.00, 66.90, 82.60, 80.20, 76.80, 59.80, 29, 87.616848, 43.825592, '2026-05'),
  ('甘肃', '兰州', 18640, 8420.00, 65.20, 81.80, 79.70, 76.10, 57.20, 30, 103.834303, 36.061089, '2026-05'),
  ('内蒙古', '呼和浩特', 21480, 9340.00, 64.80, 80.50, 78.90, 75.60, 56.60, 31, 111.749181, 40.842585, '2026-05'),
  ('宁夏', '银川', 10640, 8720.00, 62.60, 81.20, 79.40, 76.20, 52.40, 32, 106.230909, 38.487193, '2026-05'),
  ('海南', '海口', 15680, 10120.00, 61.90, 83.60, 80.50, 77.10, 51.90, 33, 110.198293, 20.044001, '2026-05'),
  ('西藏', '拉萨', 6820, 8860.00, 58.40, 79.40, 76.80, 74.10, 46.20, 34, 91.140856, 29.645554, '2026-05'),
  ('青海', '西宁', 8260, 8580.00, 57.90, 80.60, 77.20, 74.80, 45.80, 35, 101.778228, 36.617144, '2026-05'),
  ('香港', '香港', 28620, 21200.00, 79.20, 74.50, 72.10, 68.40, 64.40, 36, 114.169361, 22.319303, '2026-05'),
  ('澳门', '澳门', 6420, 16800.00, 54.80, 76.90, 74.20, 70.50, 43.80, 37, 113.543873, 22.198745, '2026-05'),
  ('台湾', '台北', 32480, 13600.00, 76.40, 78.80, 76.30, 72.90, 62.50, 38, 121.565418, 25.032969, '2026-05');

INSERT INTO skill_keyword
  (skill_name, job_category, industry, frequency_count, tfidf_weight, textrank_weight, trend_score, heat_index, stat_month)
VALUES
  ('Python', '数据分析', '互联网/电子商务', 48210, 0.863500, 0.781200, 88.60, 96.40, '2026-05'),
  ('FastAPI', '后端开发', '软件服务', 42380, 0.842100, 0.756400, 78.20, 94.20, '2026-05'),
  ('SQL', '数据分析', '金融科技', 46570, 0.811600, 0.742100, 82.50, 92.70, '2026-05'),
  ('大数据', '数据开发', '数字经济', 31860, 0.792800, 0.733600, 85.20, 90.80, '2026-05'),
  ('人工智能', '算法工程师', '人工智能', 28420, 0.824400, 0.761700, 91.30, 90.10, '2026-05'),
  ('前端开发', '前端开发', '互联网/电子商务', 36750, 0.751200, 0.690400, 74.60, 86.90, '2026-05'),
  ('数据分析', '数据分析', '咨询服务', 33880, 0.772300, 0.704900, 80.10, 86.50, '2026-05'),
  ('机器学习', '算法工程师', '人工智能', 24660, 0.798500, 0.748200, 89.40, 85.60, '2026-05'),
  ('Vue', '前端开发', '软件服务', 22640, 0.721900, 0.661300, 70.80, 80.40, '2026-05'),
  ('云计算', '云平台工程师', '云服务', 21980, 0.733200, 0.675500, 83.90, 80.10, '2026-05');

INSERT INTO job_post
  (job_title, company_name, province, city, salary_text, salary_min, salary_max, salary_avg, education_requirement, experience_requirement, industry, major_requirement, company_size, company_type, job_category, job_description, skills, longitude, latitude, publish_date, source_dataset)
VALUES
  ('数据分析师', '华南数字科技有限公司', '广东', '深圳', '15K-25K/月', 15000, 25000, 20000, '本科', '应届/不限', '互联网/电子商务', '统计学,计算机,信息管理', '500-999人', '民营', '数据分析', '负责业务数据建模、指标体系建设和经营分析，熟悉 SQL、Python 和可视化工具。', 'SQL,Python,数据分析,可视化', 114.057868, 22.543099, '2026-05-12', 'China Jobs Data'),
  ('Python 后端开发工程师', '长三角智能软件有限公司', '浙江', '杭州', '18K-30K/月', 18000, 30000, 24000, '本科', '1-3年', '数字经济', '计算机,软件工程', '1000-9999人', '民营', '后端开发', '参与核心业务系统研发，熟悉 Python、FastAPI、MySQL、Redis。', 'Python,FastAPI,MySQL,Redis', 120.155070, 30.274085, '2026-05-10', 'Job Posting Data in China'),
  ('人工智能算法工程师', '中关村智能研究院', '北京', '北京', '25K-40K/月', 25000, 40000, 32500, '硕士', '1-3年', '人工智能', '计算机,人工智能,自动化', '100-499人', '事业单位', '算法工程师', '负责机器学习模型训练、算法优化和业务落地，熟悉 Python、PyTorch、机器学习。', 'Python,机器学习,PyTorch,人工智能', 116.407526, 39.904030, '2026-05-08', 'China Jobs Data'),
  ('前端开发工程师', '珠江云端科技有限公司', '广东', '广州', '12K-20K/月', 12000, 20000, 16000, '本科', '应届/不限', '软件服务', '计算机,数字媒体技术', '100-499人', '民营', '前端开发', '负责数据产品前端开发，熟悉 Vue3、TypeScript、ECharts。', 'Vue,TypeScript,ECharts,前端开发', 113.264385, 23.129112, '2026-05-06', 'Job Posting Data in China'),
  ('大数据开发工程师', '西部数据智能有限公司', '四川', '成都', '14K-24K/月', 14000, 24000, 19000, '本科', '1-3年', '软件服务', '计算机,数据科学', '500-999人', '民营', '数据开发', '负责离线数仓和实时计算任务，熟悉 Spark、Hive、Flink、SQL。', '大数据,Spark,Hive,Flink,SQL', 104.066541, 30.572269, '2026-05-04', 'China Jobs Data');
